{"wet": 0.46524832604496424, "dry": 0.5222286904242532}